{
  "stage1": {
    "loss": [
      0.3712327182292938,
      0.16501344740390778,
      0.14206939935684204,
      0.13037480413913727,
      0.13100340962409973,
      0.11265699565410614,
      0.11311676353216171,
      0.09096600115299225,
      0.09744372218847275,
      0.08529006689786911,
      0.09153170883655548,
      0.08683963865041733,
      0.08661112934350967,
      0.07099644839763641,
      0.07586588710546494,
      0.06576164066791534,
      0.07967058569192886,
      0.060340896248817444,
      0.05915636569261551,
      0.059078361839056015
    ],
    "accuracy": [
      0.87548828125,
      0.94921875,
      0.951416015625,
      0.95849609375,
      0.95947265625,
      0.96240234375,
      0.96484375,
      0.97265625,
      0.96728515625,
      0.970458984375,
      0.9736328125,
      0.973388671875,
      0.971435546875,
      0.975830078125,
      0.974365234375,
      0.9765625,
      0.973876953125,
      0.978515625,
      0.982177734375,
      0.97900390625
    ],
    "val_loss": [
      0.071369968354702,
      0.04146629199385643,
      0.05155700072646141,
      0.05226661264896393,
      0.04602818936109543,
      0.03887881711125374,
      0.037399500608444214,
      0.036897748708724976,
      0.032493721693754196,
      0.035695191472768784,
      0.02806110307574272,
      0.03198052942752838,
      0.02740359678864479,
      0.02556094527244568,
      0.02706458605825901,
      0.026386406272649765,
      0.030034009367227554,
      0.026455959305167198,
      0.02451416663825512,
      0.024174164980649948
    ],
    "val_accuracy": [
      0.9780219793319702,
      0.9853479862213135,
      0.9853479862213135,
      0.9853479862213135,
      0.9846153855323792,
      0.9875457882881165,
      0.9860805869102478,
      0.9860805869102478,
      0.9875457882881165,
      0.9882783889770508,
      0.9904761910438538,
      0.9875457882881165,
      0.9904761910438538,
      0.9919413924217224,
      0.9934065937995911,
      0.9919413924217224,
      0.9904761910438538,
      0.9919413924217224,
      0.9919413924217224,
      0.9919413924217224
    ],
    "lr": [
      0.0010000000474974513,
      0.0010000000474974513,
      0.0010000000474974513,
      0.0010000000474974513,
      0.0010000000474974513,
      0.0005000000237487257,
      0.0005000000237487257,
      0.0005000000237487257,
      0.0005000000237487257,
      0.0005000000237487257,
      0.0005000000237487257,
      0.0005000000237487257,
      0.0005000000237487257,
      0.0005000000237487257,
      0.0005000000237487257,
      0.0005000000237487257,
      0.0005000000237487257,
      0.0002500000118743628,
      0.0002500000118743628,
      0.0002500000118743628
    ]
  },
  "stage2": {
    "loss": [
      0.0651928037405014,
      0.06449910998344421,
      0.0525159016251564,
      0.05885564908385277,
      0.050800323486328125,
      0.042742516845464706,
      0.03966599330306053,
      0.03627811372280121,
      0.050619181245565414,
      0.0305495485663414,
      0.0373738557100296
    ],
    "accuracy": [
      0.97900390625,
      0.977294921875,
      0.9814453125,
      0.98193359375,
      0.984619140625,
      0.987060546875,
      0.98828125,
      0.988037109375,
      0.986572265625,
      0.990234375,
      0.988525390625
    ],
    "val_loss": [
      0.02080903947353363,
      0.020992018282413483,
      0.014619947411119938,
      0.01788845844566822,
      0.011003747582435608,
      0.011076799593865871,
      0.012617277912795544,
      0.012289893813431263,
      0.01248242612928152,
      0.010666755959391594,
      0.012006839737296104
    ],
    "val_accuracy": [
      0.9934065937995911,
      0.9926739931106567,
      0.9948717951774597,
      0.9948717951774597,
      0.9948717951774597,
      0.9963369965553284,
      0.9963369965553284,
      0.995604395866394,
      0.995604395866394,
      0.995604395866394,
      0.9963369965553284
    ]
  }
}